suburb,postcode,incidents_recorded_2014_2023
Abbeyard,3737,9
Abbotsford,3067,10970
Aberfeldie,3040,1120
Aberfeldy,3825,3
Acheron,3714,29
Ada,3833,4
Adams Estate,3984,38
Addington,3352,9
Adelaide Lead,3465,10
Agnes,3962,14
Aintree,3336,1392
Aireys Inlet,3231,258
Airly,3851,24
Airport West,3042,6932
Albanvale,3021,2821
Albert Park,3206,4815
Alberton,3971,96
Alberton West,3971,25
Albion,3020,3887
Alexandra,3714,1041
Alfredton,3350,3889
Allambee,3823,12
Allambee Reserve,3871,24
Allambee South,3871,15
Allans Flat,3691,25
Allansford,3277,312
Allendale,3364,24
Allestree,3305,41
Alma,3465,38
Almonds,3727,5
Almurta,3979,69
Alphington,3078,2397
Altona,3018,5744
Altona Meadows,3028,7198
Altona North,3025,8872
Alvie,3249,38
Amherst,3371,31
Amor,3825,2
Amphitheatre,3468,117
Anakie,3213,247
Ancona,3715,23
Anderson,3995,41
Anglers Rest,3898,19
Anglesea,3230,1056
Annuello,3549,12
Antwerp,3414,29
Apollo Bay,3233,947
Appin,3579,1
Appin South,3579,8
Apsley,3319,124
Ararat,3377,7893
Arawata,3951,17
Arcadia,3631,87
Arcadia South,3631,35
Archdale,3475,17
Archdale Junction,3475,19
Archerton,3723,9
Archies Creek,3995,14
Ardeer,3022,2426
Ardmona,3629,305
Areegra,3480,4
Argyle,3523,51
Armadale,3143,4730
Armstrong,3377,76
Armstrong Creek,3217,2103
Arnold,3551,27
Arnold West,3551,7
Arthurs Creek,3099,105
Arthurs Seat,3936,239
Ascot,3364,42
Ascot,3551,558
Ascot Vale,3032,10335
Ashbourne,3442,36
Ashburton,3147,4146
Ashwood,3147,4298
Aspendale,3195,2348
Aspendale Gardens,3195,1380
Athlone,3818,38
Attwood,3049,795
Aubrey,3393,6
Auchmore,3570,7
Avalon,3212,346
Avenel,3664,408
Avoca,3467,503
Avon Plains,3477,4
Avondale Heights,3034,3311
Avonmore,3559,16
Avonsleigh,3782,144
Axe Creek,3551,66
Axedale,3551,205
Ayrford,3268,6
Bacchus Marsh,3340,6270
Baddaginnie,3670,213
Badger Creek,3777,348
Bael Bael,3579,3
Bagshot,3551,78
Bagshot North,3551,10
Bahgallah,3312,17
Bailieston,3608,55
Bairnsdale,3875,12801
Bakery Hill,3350,855
Balaclava,3183,4910
Bald Hills,3364,43
Balintore,3249,9
Ballan,3342,1851
Ballangeich,3279,20
Ballarat Central,3350,19613
Ballarat East,3350,4752
Ballarat North,3350,1781
Ballendella,3561,49
Balliang,3340,156
Balliang East,3340,75
Ballyrogan,3375,16
Balmattum,3666,70
Balmoral,3407,74
Balnarring,3926,564
Balnarring Beach,3926,116
Balook,3971,6
Balwyn,3103,3935
Balwyn North,3104,4723
Bamawm,3561,145
Bamawm Extension,3564,22
Bambra,3241,27
Bamganie,3333,11
Bandiana,3691,183
Bangerang,3393,8
Bangholme,3175,576
Bannerton,3549,42
Bannockburn,3331,1113
Banyan,3485,4
Banyena,3388,9
Baranduda,3691,342
Barfold,3444,21
Baringhup,3463,67
Baringhup West,3463,5
Barjarg,3723,44
Barkers Creek,3451,84
Barkly,3384,17
Barkstead,3364,4
Barmah,3639,261
Barnadown,3557,20
Barnawartha,3688,326
Barnawartha North,3691,228
Baromi,3871,33
Barongarook,3249,88
Barongarook West,3249,57
Barrabool,3221,43
Barrakee,3525,6
Barramunga,3249,27
Barraport,3537,9
Barraport West,3537,1
Barrys Reef,3458,25
Barunah Park,3329,7
Barunah Plains,3329,2
Barwidgee,3737,37
Barwite,3722,27
Barwon Downs,3243,24
Barwon Heads,3227,1377
Basalt,3460,6
Bass,3991,393
Batesford,3213,187
Bathumi,3730,8
Baw Baw,3833,31
Baxter,3911,1802
Bayindeen,3375,8
Bayles,3981,159
Baynton,3444,25
Bayswater,3153,9156
Bayswater North,3153,5633
Beaconsfield,3807,2821
Beaconsfield Upper,3808,445
Bealiba,3475,124
Bearii,3641,40
Bears Lagoon,3517,30
Beauchamp,3579,4
Beaufort,3373,978
Beaumaris,3192,23
Beaumaris,3193,2950
Beazleys Bridge,3477,5
Beeac,3251,125
Beech Forest,3237,38
Beechworth,3747,1165
Beenak,3139,23
Belgrave,3160,2283
Belgrave Heights,3160,212
Belgrave South,3160,332
Bell Park,3214,5
Bell Park,3215,3466
Bell Post Hill,3215,2323
Bellarine,3223,77
Bellbird Creek,3889,11
Bellbrae,3228,178
Bellbridge,3691,84
Bellellen,3381,4
Bellfield,3081,1232
Bellfield,3381,3
Bells Beach,3228,111
Belmont,3216,8750
Bemm River,3889,29
Bena,3946,70
Benalla,3672,8485
Benambra,3900,54
Benayeo,3319,7
Bend Of Islands,3097,16
Bendigo,3550,20793
Bendoc,3888,21
Bengworden,3875,25
Benjeroop,3579,22
Benloch,3435,46
Bennison,3960,4
Bentleigh,3204,7034
Bentleigh East,3165,8310
Benwerrin,3235,9
Beremboke,3342,53
Berrimal,3518,1
Berringa,3351,50
Berringama,3691,9
Berriwillock,3531,41
Berrybank,3323,44
Berrys Creek,3953,25
Berwick,3806,17877
Bessiebelle,3304,29
Bet Bet,3472,68
Bete Bolong,3888,11
Bete Bolong North,3888,2
Bethanga,3691,69
Betley,3472,22
Beulah,3395,166
Beverford,3590,88
Beveridge,3753,1504
Big Desert,3490,1
Big Hill,3231,6
Big Hill,3555,89
Big Pats Creek,3799,14
Biggara,3707,14
Bimbourie,3533,4
Bindi,3896,9
Binginwarri,3966,46
Bingo Munjie,3898,2
Birchip,3483,185
Birchip West,3483,1
Birdwoodton,3505,172
Birregurra,3242,193
Bittern,3918,1040
Black Hill,3350,1070
Black Range,3381,55
Black Rock,3193,1628
Blackburn,3130,5291
Blackburn North,3130,1845
Blackburn South,3130,2975
Blackwarry,3844,6
Blackwood,3458,124
Blairgowrie,3942,919
Blakeville,3342,14
Blampied,3364,44
Blind Bight,3980,271
Blowhard,3352,35
Bo Peep,3351,39
Bobinawarrah,3678,12
Bochara,3301,43
Bogong,3699,11
Boho,3669,16
Boho South,3669,10
Boigbeat,3531,1
Boinka,3490,4
Boisdale,3860,98
Bolinda,3432,71
Bolton,3546,1
Bolwarra,3305,105
Bolwarrah,3352,10
Bona Vista,3820,19
Bonang,3888,25
Bonbeach,3196,2316
Bonegilla,3691,185
Boneo,3939,171
Bonn,3561,18
Bonnie Brook,3335,657
Bonnie Doon,3720,298
Bonshaw,3352,220
Bookaar,3260,92
Boola,3825,6
Boolarong,3960,1
Boolarra,3870,296
Boolarra South,3870,35
Boole Poole,3880,3
Boolite,3392,4
Boomahnoomoonah,3728,5
Boonah,3235,10
Boorcan,3265,44
Boorhaman,3678,21
Boorhaman East,3678,2
Boorhaman North,3685,16
Boorolite,3723,39
Boorool,3953,5
Boort,3537,171
Boosey,3730,26
Boralma,3682,29
Bornes Hill,3379,2
Boronia,3155,15077
Borung,3518,43
Bostocks Creek,3260,20
Botanic Ridge,3977,1081
Boundary Bend,3599,69
Bowenvale,3465,86
Boweya,3675,14
Boweya North,3675,7
Bowmans Forest,3735,6
Bowser,3678,23
Box Hill,3128,11716
Box Hill North,3129,3076
Box Hill South,3128,3343
Boxwood,3725,2
Bradford,3463,2
Bradvale,3361,8
Braeside,3195,1837
Brandy Creek,3821,27
Branxholme,3302,106
Bravington,3821,3
Braybrook,3019,10744
Breakaway Creek,3303,18
Breakwater,3219,1521
Breamlea,3227,72
Brenanah,3517,10
Brewster,3352,18
Briagolong,3860,285
Briar Hill,3088,775
Bridge Creek,3723,21
Bridgewater,3516,110
Bridgewater North,3516,6
Bridgewater On Loddon,3516,196
Bright,3741,729
Brighton,3186,9653
Brighton East,3187,4799
Brighton East,3188,13
Brim,3391,92
Brimboal,3312,1
Brimin,3685,48
Brimpaen,3401,20
Bringalbert,3319,6
Brit Brit,3315,11
Broadford,3658,2469
Broadmeadows,3047,26450
Broadmeadows,3049,2
Broadwater,3301,15
Brodribb River,3888,26
Broken Creek,3673,9
Bromley,3472,22
Brookfield,3338,3471
Brooklyn,3012,2618
Brookville,3896,6
Broomfield,3364,36
Broughton,3418,3
Brown Hill,3350,1252
Browns Plains,3685,35
Bruarong,3749,23
Brucknell,3268,12
Brunswick,3056,22893
Brunswick East,3056,412
Brunswick East,3057,7422
Brunswick West,3055,7808
Bruthen,3885,261
Buangor,3375,92
Buchan,3885,103
Buchan South,3885,40
Buckland,3740,32
Buckley,3240,34
Buckley Swamp,3301,3
Buckrabanyule,3525,15
Budgeree,3870,32
Budgerum East,3579,2
Buffalo,3958,57
Buffalo River,3737,63
Bulart,3314,11
Buldah,3890,1
Bulga,3586,5
Bulgana,3377,11
Bulla,3428,632
Bullaharre,3266,3
Bullarook,3352,52
Bullarto,3461,17
Bullarto South,3461,9
Bulleen,3105,3468
Bulleen,3108,28
Bullengarook,3437,184
Bullioh,3700,7
Bullumwaal,3875,22
Buln Buln,3821,116
Buln Buln East,3821,29
Bumberrah,3902,40
Bunbartha,3634,88
Bundalaguah,3851,49
Bundalong,3730,143
Bundalong South,3730,12
Bunding,3342,17
Bundoora,3083,17251
Bung Bong,3465,11
Bungador,3260,18
Bungal,3334,18
Bungalally,3401,47
Bungaree,3352,137
Bungeet,3726,8
Bungeet West,3726,13
Bungil,3691,5
Bunguluke,3527,7
Buninyong,3357,1112
Bunkers Hill,3352,69
Bunyip,3815,754
Bunyip North,3815,44
Buragwonduc,3858,2
Burkes Bridge,3568,2
Burkes Flat,3475,9
Burnbank,3371,15
Burnewang,3558,67
Burnley,3121,1198
Burnside,3023,1802
Burnside Heights,3023,1522
Burramboot,3559,21
Burramine,3730,111
Burramine South,3730,7
Burrowye,3709,7
Burrumbeet,3352,191
Burwood,3125,6563
Burwood East,3151,4620
Bushfield,3281,62
Bushy Park,3860,9
Buxton,3711,166
Byaduk,3301,14
Byaduk North,3300,11
Byawatha,3678,39
Bylands,3762,76
Byrneside,3617,112
Cabarita,3505,102
Cabbage Tree,3364,12
Cabbage Tree Creek,3889,24
Cadello,3442,15
Cairnlea,3023,3807
Calder Park,3037,380
Caldermeade,3984,290
California Gully,3556,3184
Calivil,3573,61
Callawadda,3387,4
Callignee,3844,60
Callignee North,3844,17
Callignee South,3844,3
Calrossie,3971,8
Calulu,3875,41
Cambarville,3779,16
Camberwell,3124,8924
Cambrian Hill,3352,63
Campbellfield,3061,10100
Campbells Bridge,3387,6
Campbells Creek,3451,427
Campbells Forest,3556,35
Campbelltown,3364,25
Camperdown,3260,1564
Canadian,3350,1620
Canary Island,3537,1
Caniambo,3630,36
Cann River,3890,320
Cannie,3540,6
Cannons Creek,3977,176
Cannum,3393,9
Canterbury,3103,5
Canterbury,3126,1866
Cape Bridgewater,3305,48
Cape Clear,3351,56
Cape Conran,3888,21
Cape Otway,3233,36
Cape Paterson,3995,461
Cape Schanck,3939,144
Cape Woolamai,3925,628
Capel Sound,3940,3123
Capels Crossing,3579,19
Carag Carag,3623,39
Caralulup,3371,5
Caramut,3274,89
Carapooee,3477,31
Carapooee West,3477,30
Carapook,3312,12
Carboor,3678,24
Cardigan,3352,258
Cardigan Village,3352,150
Cardinia,3978,264
Cardross,3496,254
Cargerie,3334,12
Carina,3512,1
Caringal,3825,15
Carisbrook,3464,545
Carlisle River,3239,42
Carlsruhe,3442,203
Carlton,3000,176
Carlton,3053,17054
Carlton North,3054,4203
Carlyle,3685,16
Carnegie,3163,6814
Carngham,3351,39
Caroline Springs,3023,8848
Carpendeit,3260,46
Carrajung,3844,50
Carrajung Lower,3844,71
Carrajung South,3844,26
Carranballac,3361,21
Carron,3480,2
Carrum,3197,3031
Carrum Downs,3201,13342
Carwarp,3494,80
Cashmore,3305,57
Cassilis,3898,7
Castella,3777,56
Casterton,3311,633
Castle Creek,3691,3
Castle Donnington,3585,55
Castlemaine,3450,4615
Catani,3981,97
Cathcart,3377,26
Cathkin,3714,13
Caulfield,3162,2736
Caulfield East,3145,2773
Caulfield North,3161,5669
Caulfield South,3162,3716
Caveat,3660,17
Cavendish,3314,59
Ceres,3221,81
Chadstone,3148,6191
Chadstone,3166,1
Chandlers Creek,3890,7
Chapel Flat,3352,6
Chapple Vale,3239,13
Charam,3318,1
Charlemont,3217,452
Charleroi,3695,10
Charlton,3525,392
Chatsworth,3379,3
Chelsea,3196,4536
Chelsea Heights,3196,2339
Cheltenham,3192,14686
Chepstowe,3351,24
Cherokee,3434,14
Cherrypool,3401,4
Cheshunt,3678,55
Cheshunt South,3678,1
Chesney Vale,3725,23
Chetwynd,3312,38
Chewton,3451,177
Chewton Bushlands,3451,8
Childers,3824,26
Chillingollah,3585,10
Chiltern,3683,483
Chiltern Valley,3683,19
Chinangin,3544,2
Chinkapook,3546,21
Chintin,3756,15
Chirnside Park,3116,4755
Chocolyn,3260,11
Christmas Hills,3775,106
Chum Creek,3777,143
Churchill,3842,4285
Churchill Island,3925,4
Chute,3373,5
Clarendon,3352,36
Claretown,3352,21
Clarinda,3169,2195
Clarkefield,3430,208
Clarkes Hill,3352,20
Clayton,3168,13014
Clayton South,3169,6241
Clear Lake,3409,22
Clematis,3782,82
Clifton Creek,3875,44
Clifton Hill,3066,191
Clifton Hill,3067,47
Clifton Hill,3068,4538
Clifton Springs,3222,1379
Clonbinane,3658,237
Clover Flat,3315,2
Cloverlea,3822,45
Club Terrace,3889,64
Clunes,3370,607
Clyde,3978,2883
Clyde North,3978,6828
Clydebank,3851,56
Clydesdale,3461,12
Coalville,3825,27
Cobains,3851,70
Cobaw,3442,14
Cobbannah,3862,8
Cobberas,3900,7
Cobblebank,3338,1186
Cobden,3266,580
Cobram,3644,4862
Cobram East,3644,100
Cobrico,3266,14
Cobungra,3898,20
Coburg,3058,19199
Coburg North,3058,7678
Cocamba,3546,1
Cochranes Creek,3475,12
Cockatoo,3781,1237
Cocoroc,3030,55
Codrington,3285,12
Coghills Creek,3364,21
Cohuna,3568,964
Coimadai,3340,153
Cokum,3530,5
Colac,3250,8275
Colac Colac,3707,7
Colac East,3250,164
Colac West,3250,158
Colbinabbin,3559,71
Colbrook,3342,6
Coldstream,3770,716
Coleraine,3315,472
Colignan,3494,118
Collingwood,3066,16984
Combienbar,3889,15
Concongella,3384,69
Condah,3303,27
Congupna,3633,238
Connewarre,3227,186
Coojar,3315,5
Coolaroo,3048,4122
Cooma,3616,39
Coomboona,3629,57
Coomoora,3461,31
Coongulla,3860,122
Coonooer Bridge,3477,11
Coonooer West,3477,5
Cooriemungle,3268,26
Cope Cope,3480,3
Cora Lynn,3814,58
Corack,3480,9
Corack East,3480,4
Coragulac,3249,28
Corindhap,3352,23
Corinella,3984,363
Corio,3214,18643
Corndale,3311,7
Cornella,3551,28
Cornishtown,3683,25
Coronet Bay,3984,446
Corop,3559,94
Cororooke,3254,85
Corringle,3888,13
Corryong,3707,473
Corunnun,3249,13
Cosgrove,3631,17
Cosgrove South,3631,21
Costerfield,3523,43
Cotswold,3465,10
Cottles Bridge,3099,120
Cowa,3862,1
Cowangie,3506,21
Cowes,3922,3703
Cowleys Creek,3268,4
Cowwarr,3857,109
Craigie,3465,23
Craigieburn,3064,27245
Cranbourne,3977,21464
Cranbourne East,3977,6630
Cranbourne North,3977,9635
Cranbourne South,3977,840
Cranbourne West,3977,7519
Creek Junction,3669,6
Creek View,3551,15
Creightons Creek,3666,28
Cremorne,3121,2709
Cressy,3322,109
Creswick,3363,1880
Creswick North,3363,11
Crib Point,3919,1468
Crooked River,3862,6
Cross Roads,3373,6
Crossley,3283,51
Crossover,3821,88
Crowlands,3377,24
Croxton East,3301,12
Croydon,3136,13057
Croydon Hills,3136,705
Croydon North,3136,1688
Croydon South,3136,1664
Crymelon,3393,4
Cudgee,3265,36
Cudgewa,3705,32
Culgoa,3530,28
Culla,3315,3
Cullen,3568,8
Cullulleraine,3496,33
Cundare,3251,2
Cundare North,3251,3
Curdies River,3268,10
Curdievale,3268,20
Curlewis,3222,960
Curyo,3483,4
Dadswells Bridge,3385,57
Daisy Hill,3465,63
Dales Creek,3341,71
Dallas,3047,3840
Dalmore,3981,87
Daltons Bridge,3568,16
Dalyenong,3477,1
Dalyston,3992,386
Dandenong,3175,58099
Dandenong North,3175,10770
Dandenong South,3175,7550
Dandongadale,3737,11
Dargo,3862,153
Darley,3340,2884
Darlimurla,3871,5
Darlington,3271,48
Darnum,3822,305
Darraweit Guim,3756,129
Darriman,3851,10
Dartmoor,3304,75
Dartmouth,3701,47
Dawson,3858,14
Daylesford,3460,1480
Dean,3363,30
Deans Marsh,3235,54
Deanside,3336,570
Deddick Valley,3888,7
Dederang,3691,61
Deep Lead,3385,103
Deepdene,3103,604
Deer Park,3023,11990
Delacombe,3356,3804
Delahey,3037,2986
Delatite,3723,6
Delburn,3871,31
Delegate River,3888,19
Denicull Creek,3377,13
Denison,3858,151
Dennington,3280,447
Denver,3461,15
Derby,3516,14
Dereel,3352,176
Dergholm,3312,20
Derrimut,3026,4767
Derrinal,3523,54
Derrinallum,3325,102
Devenish,3726,30
Devils River,3714,15
Devon Meadows,3977,519
Devon North,3971,61
Dewhurst,3808,69
Dhurringile,3610,62
Diamond Creek,3089,3722
Digby,3309,29
Diggers Rest,3427,2324
Diggora,3561,28
Dimboola,3414,780
Dingee,3571,71
Dingley Village,3172,3365
Dingwall,3579,32
Dinner Plain,3898,45
Dixie,3265,18
Dixons Creek,3775,126
Dobie,3377,142
Docker,3678,33
Dockers Plains,3678,8
Docklands,3008,19452
Doctors Flat,3895,3
Dollar,3871,6
Don Valley,3139,167
Donald,3480,639
Doncaster,3107,45
Doncaster,3108,11264
Doncaster East,3109,7391
Donnybrook,3064,784
Donvale,3111,2395
Dooboobetic,3478,4
Dooen,3401,91
Dookie,3646,102
Dookie College,3647,11
Doreen,3754,6596
Dorodong,3312,17
Double Bridges,3893,9
Douglas,3409,10
Doveton,3177,8429
Dreeite,3249,24
Dreeite South,3249,3
Driffield,3840,62
Drik Drik,3304,5
Dromana,3936,4273
Drouin,3818,7831
Drouin East,3818,211
Drouin South,3818,197
Drouin West,3818,153
Drumanure,3636,23
Drumborg,3304,121
Drumcondra,3215,570
Drummartin,3570,11
Drummond,3461,66
Drummond North,3446,46
Drung,3401,101
Dry Diggings,3461,6
Drysdale,3222,1588
Duchembegarra,3409,24
Dumbalk,3956,128
Dumbalk North,3956,9
Dumosa,3527,10
Dunach,3371,54
Dundonnell,3271,6
Dunkeld,3294,168
Dunluce,3472,7
Dunneworthy,3377,6
Dunnstown,3352,93
Dunolly,3472,408
Dunrobin,3312,12
Durdidwarrah,3342,25
Durham Lead,3352,51
Durham Ox,3576,24
Dutson,3851,21
Dutson Downs,3851,20
Dutton Way,3305,16
Duverney,3323,28
Eagle Point,3878,376
Eaglehawk,3556,3939
Eaglehawk North,3556,12
Eaglemont,3084,1093
Earlston,3669,17
East Bairnsdale,3875,1787
East Bendigo,3550,1898
East Geelong,3219,2601
East Melbourne,3002,7658
East Sale,3852,11
East Wangaratta,3678,17
East Warburton,3799,188
Eastern View,3231,19
Eastville,3463,4
Eastwood,3875,774
Ebden,3691,42
Echuca,3564,14995
Echuca Village,3564,221
Echuca West,3564,58
Ecklin South,3265,46
Eddington,3463,2
Eddington,3472,8
Eden Park,3757,216
Edenhope,3318,253
Edgecombe,3444,35
Edi,3678,23
Edi Upper,3678,10
Edithvale,3196,2037
Eganstown,3461,55
Eildon,3713,597
Elaine,3334,116
Eldorado,3746,86
Elevated Plains,3461,5
Elingamite,3266,3
Elingamite North,3266,16
Ellaswood,3875,28
Ellerslie,3265,35
Elliminyt,3250,661
Ellinbank,3821,53
Elmhurst,3469,59
Elmore,3558,516
Elphinstone,3448,227
Elsternwick,3185,5282
Eltham,3095,6107
Eltham North,3095,1069
Elwood,3184,7405
Emerald,3782,1519
Emu,3475,20
Emu Creek,3551,35
Endeavour Hills,3802,9385
Endeavour Hills,3803,6
Enfield,3352,126
Englefield,3407,4
Enochs Point,3723,1
Ensay,3895,33
Eppalock,3551,143
Epping,3076,24668
Epsom,3551,2212
Ercildoune,3352,15
Erica,3825,101
Errinundra,3889,2
Eskdale,3701,42
Esmond,3730,5
Essendon,3040,10331
Essendon Fields,3041,1694
Essendon North,3041,1644
Essendon West,3040,459
Eumemmerring,3177,2111
Eurack,3251,6
Eureka,3350,475
Euroa,3666,1223
Eurobin,3739,21
Evansford,3371,68
Eversley,3377,8
Everton,3678,66
Everton Upper,3678,49
Exford,3338,100
Eynesbury,3338,454
Fairbank,3951,2
Fairfield,3078,4205
Fairhaven,3231,85
Fairley,3579,7
Fairy Dell,3561,22
Fairy Dell,3875,2
Falls Creek,3699,3
Faraday,3451,68
Fawcett,3714,21
Fawkner,3060,7427
Fentons Creek,3518,2
Ferguson,3237,9
Fern Hill,3458,11
Fernbank,3864,90
Ferndale,3821,17
Fernihurst,3518,5
Fernshaw,3778,7
Ferntree Gully,3156,12519
Ferny Creek,3786,275
Fiery Flat,3518,5
Fingal,3939,248
Fish Creek,3959,183
Fish Point,3585,5
Fiskville,3342,14
Fitzroy,3065,20354
Fitzroy North,3065,7
Fitzroy North,3068,9088
Flaggy Creek,3875,19
Flagstaff,3465,43
Flamingo Beach,3851,2
Flemington,3031,9542
Flinders,3929,336
Flora Hill,3550,1846
Flowerdale,3717,316
Flynn,3844,90
Flynns Creek,3844,11
Footscray,3011,22402
Forbes,3764,44
Forest Hill,3131,4656
Forge Creek,3875,100
Forrest,3236,125
Foster,3960,573
Foster North,3960,32
Fosterville,3557,33
Foxhow,3323,15
Framlingham,3265,100
Framlingham East,3265,2
Franklinford,3461,15
Frankston,3199,55226
Frankston North,3200,6543
Frankston South,3199,4469
Fraser Rise,3336,2303
Freeburgh,3741,22
Frenchmans,3384,8
Freshwater Creek,3217,136
Fryerstown,3451,41
Fulham,3851,211
Fumina,3825,8
Fumina South,3825,8
Fyans Creek,3381,13
Fyansford,3218,606
Gaffneys Creek,3723,12
Gainsborough,3822,5
Gannawarra,3568,17
Gapsted,3737,48
Gardenvale,3185,449
Garfield,3814,513
Garfield North,3814,56
Garibaldi,3352,15
Garvoc,3265,105
Gateway Island,3691,36
Gatum,3407,1
Gazette,3289,10
Geelong,3220,23732
Geelong West,3218,6384
Gelantipy,3885,3
Gellibrand,3239,84
Gellibrand Lower,3237,13
Gelliondale,3971,13
Gembrook,3783,774
Genoa,3891,38
Gentle Annie,3833,40
Georges Creek,3700,25
Gerahmin,3546,4
Gerang Gerung,3418,53
Gerangamete,3249,34
Germania,3387,2
Gerrigerrup,3289,4
Gherang,3240,24
Gheringhap,3331,88
Ghin Ghin,3717,23
Giffard,3851,29
Giffard West,3851,33
Gil Gil,3480,8
Gilderoy,3797,25
Gillieston,3616,24
Gipsy Point,3891,2
Girgarre,3624,240
Girgarre East,3616,49
Gisborne,3437,3225
Gisborne South,3437,253
Gladfield,3575,4
Gladstone Park,3043,3833
Gladysdale,3797,65
Glen Alvie,3979,33
Glen Creek,3691,10
Glen Forbes,3990,39
Glen Huntly,3163,2477
Glen Iris,3146,7568
Glen Park,3352,99
Glen Valley,3898,5
Glen Waverley,3150,15229
Glen Wills,3898,4
Glenaire,3238,19
Glenaladale,3864,29
Glenalbyn,3517,24
Glenaroua,3764,55
Glenbrae,3352,14
Glenburn,3717,159
Glendaruel,3363,6
Glendonald,3364,11
Glenfalloch,3858,1
Glenfyne,3266,23
Glengarry,3854,294
Glengarry North,3854,49
Glengarry West,3854,37
Glengower,3370,4
Glenhope,3444,21
Glenhope East,3522,15
Glenisla,3314,16
Glenlee,3418,16
Glenlofty,3469,4
Glenlogie,3469,7
Glenloth,3527,5
Glenloth East,3527,5
Glenluce,3451,14
Glenlyon,3461,84
Glenmaggie,3858,195
Glenmore,3340,14
Glenorchy,3385,55
Glenormiston North,3265,14
Glenormiston South,3265,36
Glenpatrick,3469,20
Glenrowan,3675,514
Glenrowan West,3675,9
Glenroy,3046,14972
Glenthompson,3293,68
Glomar Beach,3851,14
Gnarwarre,3221,50
Gnotuk,3260,27
Gobarup,3559,40
Gobur,3719,14
Golden Beach,3851,289
Golden Gully,3555,185
Golden Point,3350,2190
Golden Point,3451,16
Golden Square,3555,5392
Goldie,3435,12
Goldsborough,3472,22
Gong Gong,3352,15
Gonn Crossing,3579,21
Goomalibee,3673,18
Goon Nure,3875,40
Goongerah,3888,24
Gooram,3666,38
Gooramadda,3685,32
Goorambat,3725,67
Goornong,3557,283
Gorae,3305,36
Gorae West,3305,52
Gordon,3345,348
Gormandale,3873,140
Goroke,3412,84
Goschen,3585,5
Goughs Bay,3723,102
Goulburn Weir,3608,71
Gowanbrae,3043,655
Gowanford,3544,1
Gowangardie,3669,4
Gowar East,3477,4
Gower,3463,6
Grahamvale,3631,203
Grampians,3314,7
Grand Ridge,3870,19
Grangefields,3335,1564
Granite Rock,3875,45
Grantville,3984,641
Granya,3701,35
Grassdale,3302,20
Grassmere,3281,53
Graytown,3608,34
Gre Gre,3477,3
Gre Gre North,3477,1
Gre Gre South,3477,7
Great Western,3374,359
Green Gully,3462,10
Greendale,3341,112
Greenhill,3444,11
Greens Creek,3387,12
Greensborough,3088,10638
Greenvale,3059,5602
Greenwald,3304,18
Grenville,3352,43
Greta,3675,13
Greta South,3675,17
Greta West,3675,22
Grey River,3234,5
Gringegalgona,3315,8
Gritjurk,3315,4
Grovedale,3216,6774
Gruyere,3770,210
Guildford,3451,120
Gunbower,3566,164
Gundowring,3691,12
Gunyah,3960,2
Guys Forest,3709,8
Guys Hill,3807,66
Gymbowen,3401,8
Haddon,3351,245
Hadfield,3046,3944
Hallam,3803,8003
Hallora,3818,36
Halls Gap,3381,342
Hallston,3953,38
Hamilton,3300,7129
Hamlyn Heights,3215,2392
Hampton,3188,5489
Hampton East,3188,3720
Hampton Park,3976,11738
Hansonville,3675,7
Happy Valley,3360,24
Happy Valley,3549,12
Harcourt,3453,348
Harcourt North,3453,65
Harkaway,3806,319
Harkness,3337,4496
Harmers Haven,3995,31
Harrietville,3741,69
Harrow,3317,45
Harston,3616,43
Hastings,3915,10791
Hattah,3501,49
Havelock,3465,33
Haven,3401,181
Hawkesdale,3287,61
Hawkhurst,3862,2
Hawthorn,3122,11265
Hawthorn East,3123,5562
Hazel Park,3966,11
Hazelwood,3840,141
Hazelwood North,3840,419
Hazelwood South,3840,54
Healesville,3777,3005
Heath Hill,3981,32
Heathcote,3523,1599
Heathcote Junction,3758,188
Heathcote South,3523,9
Heatherton,3202,1623
Heathmere,3305,63
Heathmont,3135,2903
Hedley,3967,59
Heidelberg,3084,12608
Heidelberg Heights,3081,4729
Heidelberg West,3081,7908
Hensley Park,3301,10
Henty,3312,11
Hepburn,3461,87
Hepburn Springs,3461,160
Herne Hill,3218,1417
Hernes Oak,3825,165
Hesket,3442,64
Hesse,3321,30
Hexham,3273,62
Heyfield,3858,1218
Heytesbury Lower,3268,7
Heywood,3304,780
Hiamdale,3847,7
Hiawatha,3971,15
High Camp,3764,62
Highett,3190,7145
Highett,3192,75
Highlands,3660,35
Highton,3216,4806
Hilgay,3315,2
Hill End,3825,42
Hillcrest,3351,32
Hilldene,3660,77
Hillside,3037,4549
Hillside,3875,80
Hinnomunjie,3898,2
Hmas Cerberus,3920,59
Hoddles Creek,3139,138
Hollands Landing,3862,38
Homebush,3465,8
Homerton,3304,8
Homewood,3717,25
Hopetoun,3396,210
Hopetoun Park,3340,200
Hoppers Crossing,3029,23408
Hordern Vale,3238,18
Horfield,3567,26
Horsham,3400,14935
Hotham Heights,3741,1
Hotspur,3303,14
Howes Creek,3723,10
Howitt Plains,3858,4
Howqua,3723,32
Howqua Hills,3723,10
Howqua Inlet,3723,42
Hughesdale,3166,2946
Humevale,3757,91
Hunter,3558,10
Hunterston,3971,4
Huntingdale,3166,1147
Huntly,3551,990
Huntly North,3551,43
Huon,3695,49
Huon Creek,3691,19
Hurstbridge,3099,975
Icy Creek,3833,10
Iguana Creek,3875,5
Illabarook,3351,8
Illawarra,3381,37
Illowa,3282,57
Indented Head,3223,340
Indigo Valley,3688,32
Inglewood,3517,413
Ingliston,3342,47
Invergordon,3636,173
Inverleigh,3321,241
Inverloch,3996,1805
Invermay,3352,225
Invermay Park,3350,544
Iona,3815,79
Iraak,3494,50
Irishtown,3451,5
Ironbark,3550,894
Irrewarra,3249,104
Irrewillipe,3249,39
Irrewillipe East,3249,14
Irymple,3498,2215
Ivanhoe,3079,6667
Ivanhoe East,3079,975
Ivanhoe East,3084,25
Jacana,3047,2334
Jack River,3971,40
Jackass Flat,3556,564
Jacob Creek,3825,36
Jam Jerrup,3984,51
Jamieson,3723,139
Jan Juc,3228,808
Jancourt,3266,12
Jancourt East,3266,50
Jarklin,3517,20
Jarrahmond,3888,24
Jarvis Creek,3700,7
Jeeralang,3840,22
Jeeralang Junction,3840,104
Jeetho,3945,43
Jeffcott,3480,2
Jeffcott North,3480,5
Jeparit,3423,274
Jericho,3825,1
Jil Jil,3483,1
Jindivick,3818,181
Joel Joel,3384,11
Joel South,3384,4
Johanna,3238,20
Johnsonville,3902,94
Joyces Creek,3364,12
Jumbuk,3869,5
Jumbunna,3951,27
Junction Village,3977,318
Junortoun,3551,408
Kaarimba,3635,59
Kadnook,3318,11
Kalimna,3909,444
Kalimna West,3909,130
Kalkallo,3064,1521
Kalkee,3401,30
Kallista,3791,194
Kalorama,3766,286
Kalpienung,3529,2
Kamarooka,3570,63
Kanagulk,3401,7
Kancoona,3691,10
Kangaroo Flat,3555,8188
Kangaroo Ground,3097,212
Kaniva,3419,364
Kanumbra,3719,16
Kanya,3387,2
Kanyapella,3564,41
Karabeal,3294,5
Kardella,3951,11
Kardella South,3950,19
Kariah,3260,39
Karnak,3401,3
Karramomus,3631,21
Karyrie,3483,5
Katamatite,3649,179
Katamatite East,3649,26
Katandra,3634,12
Katandra West,3634,118
Katunga,3640,238
Kawarren,3249,61
Kealba,3021,2326
Keely,3568,13
Keilor,3036,2400
Keilor Downs,3038,4561
Keilor East,3033,5119
Keilor East,3042,3
Keilor Lodge,3038,363
Keilor North,3036,372
Keilor Park,3042,2036
Kellalac,3393,14
Kelvin View,3666,8
Kenley,3597,9
Kennedys Creek,3239,9
Kennett River,3234,28
Kennington,3550,2740
Kensington,3031,7531
Kerang,3579,3146
Kerang East,3579,13
Kergunyah,3691,39
Kergunyah South,3691,6
Kernot,3979,33
Kerrie,3434,41
Kerrisdale,3660,49
Kevington,3723,47
Kew,3101,10495
Kew East,3102,1956
Kewell,3390,24
Keysborough,3173,12452
Kialla,3631,2887
Kialla East,3631,58
Kialla West,3631,149
Kiata,3418,70
Kiewa,3691,78
Kilcunda,3995,151
Killara,3312,10
Killara,3691,177
Killarney,3283,86
Killawarra,3678,55
Killingworth,3717,20
Kilmany,3851,86
Kilmore,3764,4020
Kilmore East,3764,216
Kilsyth,3137,4533
Kilsyth South,3137,892
Kimbolton,3551,66
King Valley,3678,15
Kinglake,3763,517
Kinglake Central,3757,100
Kinglake West,3757,369
Kingower,3517,22
Kings Park,3021,3721
Kingsbury,3083,2755
Kingston,3364,42
Kingsville,3012,1511
Kinnabulla,3483,13
Kinypanial,3520,2
Kirkstall,3283,87
Kirwans Bridge,3608,26
Kithbrook,3666,13
Knebsworth,3286,4
Knockwood,3723,22
Knowsley,3523,112
Knoxfield,3180,3729
Koallah,3260,4
Koetong,3704,23
Kolora,3265,32
Kongwak,3951,58
Konongwootong,3315,6
Koo Wee Rup,3981,1482
Koo Wee Rup North,3981,25
Kooloonong,3597,4
Koonda,3669,3
Koondrook,3580,277
Koonoomoo,3644,392
Koonwarra,3954,94
Kooreh,3477,22
Koorlong,3501,123
Koornalla,3844,35
Kooroocheang,3364,4
Koorool,3860,1
Koorooman,3953,13
Kooyong,3144,633
Koriella,3714,11
Korobeit,3341,9
Koroit,3282,604
Korong Vale,3520,157
Koroop,3579,11
Korumburra,3950,2807
Korumburra South,3950,26
Korweinguboora,3461,43
Kotta,3565,31
Kotupna,3638,75
Koyuga,3622,130
Krowera,3945,23
Kulwin,3490,10
Kunat,3585,5
Kurraca West,3518,1
Kurting,3517,33
Kurunjang,3337,4404
Kyabram,3620,4378
Kyabram South,3620,34
Kyneton,3444,3706
Kyneton South,3444,21
Kyvalley,3621,93
Laanecoorie,3463,79
Laang,3265,18
Labertouche,3816,198
Laceby,3678,64
Ladys Pass,3523,23
Laen East,3480,2
Laen North,3480,3
Lah,3393,8
Laharum,3401,59
Lake Boga,3584,314
Lake Bolac,3351,163
Lake Bunga,3909,96
Lake Charm,3581,53
Lake Condah,3303,3
Lake Eildon,3713,34
Lake Eppalock,3523,10
Lake Eppalock,3551,3
Lake Fyans,3381,19
Lake Gardens,3355,664
Lake Goldsmith,3373,39
Lake Lonsdale,3381,24
Lake Marmal,3525,4
Lake Meran,3579,8
Lake Mundi,3312,27
Lake Powell,3597,24
Lake Rowan,3727,21
Lake Tyers,3887,192
Lake Tyers Beach,3909,209
Lake Tyrrell,3533,1
Lake Wendouree,3350,1850
Lake Wongan,3373,1
Lakes Entrance,3909,6077
Lal Lal,3352,140
Lalbert,3542,34
Lalor,3075,10228
Lamplough,3352,30
Lancaster,3620,123
Lance Creek,3995,15
Lancefield,3435,864
Landsborough,3384,87
Landsborough West,3384,6
Lang Lang,3984,1077
Lang Lang East,3984,19
Langdons Hill,3363,6
Langi Kal Kal,3352,22
Langi Logan,3377,7
Langkoop,3318,7
Langley,3444,34
Langsborough,3971,57
Langwarrin,3910,7311
Langwarrin South,3911,326
Lara,3212,6752
Lardner,3821,233
Larpent,3249,43
Lascelles,3487,41
Launching Place,3139,633
Lauriston,3444,41
Lavers Hill,3238,47
Laverton,3028,5408
Laverton North,3026,4839
Lawler,3480,2
Lawloit,3418,15
Lawrence,3364,11
Leaghur,3537,2
Learmonth,3352,115
Ledcourt,3385,21
Leichardt,3516,24
Leigh Creek,3352,115
Leitchville,3567,191
Lemnos,3631,117
Leneva,3691,140
Leonards Hill,3461,11
Leongatha,3953,3120
Leongatha North,3953,19
Leongatha South,3953,113
Leopold,3224,3151
Lerderderg,3458,37
Leslie Manor,3260,8
Lethbridge,3332,173
Lexton,3352,308
Licola,3858,63
Licola North,3858,2
Lillico,3820,10
Lillicur,3371,17
Lillimur,3420,51
Lilliput,3682,7
Lilydale,3140,11043
Lima,3673,5
Lima East,3673,21
Lima South,3673,43
Limestone,3717,17
Lindenow,3865,140
Lindenow South,3875,126
Lindsay,3312,2
Lindsay Point,3496,7
Linga,3509,7
Linton,3360,165
Liparoo,3549,18
Lismore,3324,238
Litchfield,3480,6
Little Hampton,3458,20
Little River,3211,2048
Llanelly,3551,21
Llowalong,3862,7
Loch,3945,195
Loch Sport,3851,678
Loch Valley,3833,25
Lockington,3563,226
Locksley,3665,52
Lockwood,3551,175
Lockwood South,3551,149
Loddon Vale,3575,3
Logan,3475,19
Londrigan,3678,18
Long Forest,3340,123
Long Gully,3550,4179
Longerenong,3401,65
Longford,3851,403
Longlea,3551,76
Longwarry,3816,1443
Longwarry North,3816,333
Longwood,3665,62
Longwood East,3666,60
Lorne,3232,1024
Lorquon,3418,2
Lovely Banks,3213,1214
Lower Moira,3639,67
Lower Norton,3401,18
Lower Plenty,3093,1296
Loy Yang,3844,17
Lubeck,3385,13
Lucas,3350,775
Lucknow,3875,742
Lucyvale,3691,15
Lurg,3673,21
Lynbrook,3975,3460
Lyndhurst,3975,2768
Lyons,3304,7
Lyonville,3461,21
Lysterfield,3156,1754
Lysterfield South,3156,315
Macarthur,3286,101
Macclesfield,3782,190
Macedon,3440,874
Macks Creek,3971,12
Macleod,3085,3146
Macorna,3579,19
Macorna North,3568,4
Macs Cove,3723,32
Madalya,3971,9
Maddingley,3340,2124
Mafeking,3379,47
Maffra,3860,2614
Maffra West Upper,3859,21
Magpie,3352,143
Maiden Gully,3551,1032
Maidstone,3012,6507
Mailors Flat,3275,48
Main Lead,3373,10
Main Ridge,3928,102
Maindample,3723,68
Maintongoon,3714,13
Major Plains,3725,7
Majorca,3465,125
Maldon,3463,396
Mallacoota,3892,445
Malmsbury,3446,310
Malvern,3143,4
Malvern,3144,5454
Malvern East,3145,16439
Mambourin,3024,465
Manangatang,3546,190
Mandurang,3551,74
Mandurang South,3551,26
Mangalore,3663,127
Manifold Heights,3218,1255
Mannerim,3222,34
Mannibadar,3360,27
Manns Beach,3971,21
Manor Lakes,3024,3698
Manorina,3889,6
Mansfield,3722,2224
Maramingo Creek,3891,7
Marcus Hill,3222,50
Mardan,3953,20
Marengo,3233,46
Maribyrnong,3032,12600
Marionvale,3634,10
Markwood,3678,48
Marlbed,3483,1
Marlo,3888,198
Marnoo,3387,51
Marnoo East,3477,9
Marnoo West,3387,1
Marong,3515,356
Maroona,3377,40
Marraweeney,3669,12
Marshall,3216,903
Marungi,3634,45
Maryborough,3465,6453
Maryknoll,3812,56
Marysville,3779,231
Maryvale,3840,121
Massey,3482,1
Matlock,3723,12
Maude,3331,41
McCrae,3938,1107
McIntyre,3472,5
McKenzie Creek,3401,44
McKenzie Hill,3451,87
McKinnon,3204,1629
McLoughlins Beach,3874,51
McMahons Creek,3799,60
McMillans,3568,16
Mead,3568,26
Meadow Creek,3678,16
Meadow Heights,3048,8346
Meatian,3585,7
Meeniyan,3956,231
Meering West,3579,5
Meerlieu,3862,32
Melbourne,3000,124874
Melbourne,3004,25246
Melbourne,3052,3513
Melbourne,3181,28
Melbourne Airport,3045,4807
Melton,3337,14973
Melton South,3338,9976
Melton West,3337,7999
Melville Forest,3315,3
Melwood,3875,6
Mena Park,3373,11
Mentone,3194,6452
Menzies Creek,3159,210
Mepunga,3277,82
Mepunga East,3277,16
Mepunga West,3277,11
Merbein,3505,1899
Merbein South,3505,119
Merbein West,3505,54
Meredith,3333,327
Meringur,3496,22
Merino,3310,130
Mernda,3754,8668
Merriang,3737,17
Merriang South,3737,10
Merricks,3916,32
Merricks Beach,3926,29
Merricks North,3926,81
Merrigum,3618,300
Merrijig,3723,150
Merrijig,3875,2
Merrimu,3340,130
Merrinee,3496,30
Merton,3715,83
Metcalfe,3448,36
Metcalfe East,3444,7
Metung,3904,338
Mia Mia,3444,71
Mickleham,3064,4650
Middle Creek,3375,19
Middle Park,3206,2274
Middle Tarwin,3956,22
Miepoll,3666,105
Miga Lake,3409,8
Milawa,3678,82
Mildura,3500,41453
Mill Park,3082,14523
Millbrook,3352,50
Millgrove,3799,540
Milloo,3572,8
Milltown,3304,40
Milnes Bridge,3579,22
Mincha,3575,11
Mincha West,3568,18
Miners Rest,3352,875
Mingay,3324,5
Minhamite,3287,15
Minimay,3413,23
Mininera,3351,8
Minjah,3276,16
Minmindie,3537,4
Minyip,3392,186
Miowera,3862,1
Miram,3415,15
Mirboo,3871,66
Mirboo North,3871,771
Mirimbah,3723,4
Mirranatwa,3294,2
Mitcham,3132,6022
Mitchell Park,3355,799
Mitchellstown,3608,36
Mitiamo,3573,74
Mitre,3409,27
Mitta Mitta,3701,51
Mittyack,3490,6
Mockinya,3401,25
Modella,3816,55
Modewarre,3240,48
Moe,3825,15836
Moe South,3825,167
Moggs Creek,3231,12
Moglonemby,3666,1
Mokepilly,3381,4
Molesworth,3718,51
Moliagul,3472,42
Molka,3666,10
Mollongghip,3352,13
Mologa,3575,24
Molyullah,3673,42
Monbulk,3793,1094
Monegeetta,3433,76
Mongans Bridge,3691,6
Monomak,3860,3
Monomeith,3984,22
Mont Albert,3127,1833
Mont Albert North,3129,975
Montgomery,3851,21
Montmorency,3094,1952
Montrose,3765,1930
Moolap,3224,1653
Moolerr,3477,5
Moolort,3465,29
Moonambel,3478,44
Moondarra,3825,65
Moonee Ponds,3039,10838
Moonlight Flat,3450,3
Moonlight Flat,3465,11
Moora,3612,19
Moorabbin,3189,8471
Moorabbin Airport,3194,977
Moorabool,3213,79
Mooralla,3314,15
Moorilim,3610,15
Moormbool West,3523,14
Moornapa,3862,3
Moorngag,3673,8
Moorooduc,3933,708
Mooroolbark,3138,7897
Mooroopna,3629,7724
Mooroopna North,3629,215
Mooroopna North West,3616,13
Moranding,3764,39
Mordialloc,3195,6004
Morgiana,3301,1
Moriac,3240,129
Mornington,3931,15086
Moroka,3860,2
Morrisons,3334,38
Morrl Morrl,3387,3
Mortlake,3272,667
Morton Plains,3482,3
Morwell,3840,31762
Mossiface,3885,23
Mount Alfred,3709,9
Mount Beauty,3699,204
Mount Beckworth,3363,3
Mount Best,3960,14
Mount Bolton,3352,7
Mount Bruno,3675,12
Mount Buffalo,3740,15
Mount Buller,3723,21
Mount Burnett,3781,34
Mount Bute,3324,11
Mount Camel,3523,35
Mount Cameron,3370,3
Mount Clear,3350,1484
Mount Cole,3377,12
Mount Cole Creek,3377,3
Mount Cottrell,3024,667
Mount Dandenong,3767,412
Mount Doran,3334,25
Mount Dryden,3381,8
Mount Duneed,3217,1120
Mount Eccles,3953,13
Mount Egerton,3352,147
Mount Eliza,3930,3813
Mount Emu,3351,8
Mount Evelyn,3796,2640
Mount Franklin,3461,18
Mount Glasgow,3371,43
Mount Helen,3350,796
Mount Hooghly,3472,10
Mount Lonarch,3468,34
Mount Macedon,3441,277
Mount Major,3646,10
Mount Martha,3934,3337
Mount Mercer,3352,56
Mount Moriac,3240,199
Mount Napier,3301,1
Mount Pleasant,3350,1615
Mount Prospect,3364,12
Mount Richmond,3305,49
Mount Rowan,3352,115
Mount Sabine,3236,2
Mount Tassie,3844,5
Mount Taylor,3875,68
Mount Toolebewong,3777,19
Mount Wallace,3342,91
Mount Waverley,3149,11328
Mountain Bay,3723,11
Mountain View,3988,15
Moutajup,3294,19
Moyhu,3732,107
Moyreisk,3477,8
Moyston,3377,136
Muckatah,3644,73
Muckleford,3451,164
Muckleford South,3462,13
Mudgegonga,3737,9
Mulgrave,3170,10229
Mumbannar,3304,36
Mundoona,3635,15
Munro,3862,40
Muntham,3315,3
Murchison,3610,465
Murchison East,3610,210
Murchison North,3610,55
Murgheboluc,3218,23
Murmungee,3747,5
Murnungin,3544,4
Murphys Creek,3551,22
Murra Warra,3401,22
Murrabit,3579,70
Murrabit West,3579,22
Murrawee,3586,19
Murray-sunset,3490,2
Murraydale,3586,30
Murrayville,3512,129
Murrindal,3885,4
Murrindindi,3717,60
Murroon,3243,23
Murrumbeena,3163,3422
Murtoa,3390,419
Musk,3461,31
Musk Vale,3461,16
Muskerry,3557,37
Myall,3533,4
Myall,3579,17
Myamyn,3304,20
Myers Flat,3556,126
Myola,3551,5
Myrniong,3341,173
Myrrhee,3732,33
Myrtle Creek,3551,6
Myrtlebank,3851,71
Myrtleford,3737,1530
Mysia,3518,5
Mystic Park,3579,56
Mywee,3641,4
Nagambie,3608,1100
Nalangil,3249,18
Nalinga,3646,11
Nambrok,3847,110
Nandaly,3533,17
Nangana,3781,12
Nangeela,3312,3
Nangiloc,3494,67
Nanneella,3561,115
Napoleons,3352,157
Nar Nar Goon,3812,576
Nar Nar Goon North,3812,246
Narbethong,3778,149
Nareeb,3293,5
Nareen,3315,10
Nareewillock,3525,3
Nariel Valley,3707,26
Naring,3636,52
Naringal,3277,29
Naringal East,3277,32
Naroghid,3266,29
Narracan,3824,67
Narraport,3483,9
Narrawong,3285,119
Narre Warren,3805,21888
Narre Warren East,3804,167
Narre Warren North,3804,2579
Narre Warren South,3805,8939
Narrung,3597,5
Nathalia,3638,803
Natimuk,3409,97
Natte Yallock,3465,38
Natya,3597,5
Navarre,3384,39
Navigators,3352,79
Nayook,3832,31
Neds Corner,3496,9
Neereman,3463,3
Neerim,3831,69
Neerim East,3831,65
Neerim Junction,3832,35
Neerim North,3832,7
Neerim South,3831,426
Neilborough,3570,113
Nelson,3292,86
Nerrena,3953,33
Nerrin Nerrin,3351,10
Nerrina,3350,406
Nerring,3373,2
Netherby,3418,28
Neuarpurr,3413,3
New Gisborne,3438,578
Newborough,3825,5222
Newbridge,3551,83
Newbury,3458,20
Newcomb,3219,4862
Newfield,3268,5
Newham,3442,94
Newhaven,3925,304
Newington,3350,812
Newlands Arm,3875,133
Newlyn,3364,42
Newlyn North,3364,30
Newmerella,3886,184
Newport,3015,5706
Newry,3859,145
Newstead,3462,201
Newtown,3220,4626
Newtown,3351,31
Nhill,3418,890
Nichols Point,3501,457
Nicholson,3882,322
Niddrie,3042,2030
Nilma,3821,86
Nilma North,3821,53
Ninda,3533,4
Nine Mile,3518,2
Nintingbool,3351,18
Ninyeunook,3527,2
Nirranda,3268,29
Nirranda East,3268,3
Nirranda South,3268,14
Noble Park,3174,20007
Noble Park North,3174,3825
Noojee,3833,193
Noorat,3265,78
Noorat East,3265,6
Noorinbee,3890,23
Noorinbee North,3890,10
Noradjuha,3409,29
Norlane,3214,15042
Normanville,3579,9
Norong,3682,27
North Bendigo,3550,2612
North Blackwood,3458,6
North Geelong,3215,5321
North Melbourne,3051,13010
North Shore,3214,885
North Wangaratta,3678,135
North Warrandyte,3113,267
North Wonthaggi,3995,1304
Northcote,3070,14899
Northwood,3660,69
Norval,3377,11
Notting Hill,3168,1586
Nowa Nowa,3887,190
Nowhere Creek,3469,2
Nowie,3585,15
Nug Nug,3737,16
Nuggetty,3463,11
Nulla Vale,3435,61
Nullawarre,3268,54
Nullawarre North,3268,12
Nullawil,3529,24
Numurkah,3636,2351
Nunawading,3131,4959
Nungurner,3909,67
Nunniong,3896,12
Nurcoung,3401,6
Nurrabiel,3401,16
Nurran,3888,1
Nutfield,3099,129
Nyah,3594,197
Nyah West,3595,383
Nyarrin,3533,1
Nyerimilang,3909,9
Nyora,3987,412
Nyrraby,3585,4
Oak Park,3046,2126
Oaklands Junction,3063,192
Oakleigh,3166,9026
Oakleigh East,3166,2572
Oakleigh South,3167,3790
Oakvale,3540,2
Ocean Grange,3880,7
Ocean Grove,3226,3649
Officer,3809,5708
Officer South,3809,172
Old Tallangatta,3701,1
Olinda,3788,608
Ombersley,3241,20
Omeo,3898,187
Omeo Valley,3898,11
Ondit,3249,45
Orbost,3888,2096
Orford,3284,18
Ormond,3204,2457
Orrvale,3631,351
Osbornes Flat,3691,13
Outtrim,3951,61
Ouyen,3490,577
Ovens,3738,43
Oxley,3678,91
Oxley Flats,3678,14
Ozenkadnook,3413,1
Paaratte,3268,17
Painswick,3551,2
Pakenham,3810,27671
Pakenham South,3810,166
Pakenham Upper,3810,376
Panitya,3512,12
Panmure,3265,131
Panton Hill,3759,146
Paradise,3477,24
Paradise Beach,3851,92
Paraparap,3240,38
Park Orchards,3114,641
Parkdale,3195,3979
Parkville,3052,6227
Parwan,3340,230
Paschendale,3315,3
Pascoe Vale,3044,7475
Pascoe Vale South,3044,3850
Pastoria,3444,9
Pastoria East,3444,6
Patchewollock,3491,57
Patho,3564,70
Patterson Lakes,3197,3716
Patyah,3318,2
Paynesville,3880,1359
Pearcedale,3912,1089
Pearsondale,3851,42
Peechelba,3678,33
Peechelba East,3678,8
Pelluebla,3727,6
Pennyroyal,3235,6
Penshurst,3289,192
Pental Island,3586,33
Pentland Hills,3341,144
Percydale,3478,28
Peronne,3413,3
Perry Bridge,3862,38
Peterborough,3270,94
Pheasant Creek,3757,76
Piangil,3597,78
Picola,3639,113
Picola West,3639,2
Piedmont,3833,23
Pier Milan,3533,7
Pigeon Ponds,3407,2
Piggoreet,3351,2
Pimpinio,3401,91
Pine Grove,3573,17
Pine Lodge,3631,78
Pine Mountain,3709,2
Pioneer Bay,3984,153
Pipers Creek,3444,13
Pira,3585,7
Piries,3723,25
Pirron Yallock,3249,45
Pitfield,3351,12
Pittong,3360,9
Plenty,3090,798
Plumpton,3335,79
Point Cook,3030,16393
Point Leo,3916,48
Point Lonsdale,3225,670
Point Wilson,3212,75
Pomborneit,3260,39
Pomborneit East,3249,15
Pomborneit North,3260,13
Pomonal,3381,47
Pompapiel,3571,19
Poolaijelo,3312,5
Pootilla,3352,44
Poowong,3988,177
Poowong East,3988,28
Poowong North,3988,40
Porcupine Ridge,3461,16
Porepunkah,3740,218
Port Albert,3971,198
Port Campbell,3269,200
Port Fairy,3284,1159
Port Franklin,3964,28
Port Melbourne,3207,15850
Port Welshpool,3965,137
Portarlington,3223,1463
Portland,3305,8608
Portland North,3305,151
Portland West,3305,107
Portsea,3944,527
Pound Creek,3996,24
Powelltown,3797,83
Powlett Plains,3517,12
Prahran,3143,4
Prahran,3181,19385
Prairie,3572,17
Pranjip,3666,9
Preston,3072,38972
Princes Hill,3054,1530
Princetown,3269,112
Puckapunyal,3662,141
Pura Pura,3271,12
Purnim,3278,80
Purnim West,3278,7
Pyalong,3521,302
Pyramid Hill,3575,275
Quambatook,3540,109
Quandong,3030,61
Quantong,3401,37
Quarry Hill,3550,1156
Queenscliff,3225,574
Raglan,3373,107
Rainbow,3424,170
Ranceby,3951,14
Rathscar,3465,17
Rathscar West,3465,5
Ravenhall,3023,3008
Ravenswood,3453,242
Ravenswood South,3453,72
Rawson,3825,142
Raymond Island,3880,94
Raywood,3570,105
Red Cliffs,3496,2551
Red Hill,3937,214
Red Hill South,3937,105
Red Lion,3371,44
Redan,3350,3202
Redbank,3477,42
Redcastle,3523,44
Redesdale,3444,113
Reedy Creek,3658,54
Reedy Dam,3395,5
Reedy Flat,3895,1
Reedy Lake,3579,23
Reefton,3799,52
Research,3095,516
Reservoir,3073,34183
Rheola,3517,29
Rhyll,3923,154
Rhymney,3377,10
Riachella,3385,2
Rich Avon East,3480,2
Rich Avon West,3480,5
Richmond,3121,31258
Richmond Plains,3518,1
Riddells Creek,3431,914
Riggs Creek,3666,8
Ringwood,3134,24170
Ringwood East,3135,4754
Ringwood North,3134,1765
Ripplebrook,3818,71
Rippleside,3215,754
Ripponlea,3185,899
Riverside,3401,66
Riverslea,3860,39
Robertsons Beach,3971,66
Robinvale,3549,2795
Rochester,3561,1595
Rochford,3442,36
Rockbank,3335,1401
Rocklands,3401,7
Rocklyn,3364,7
Rocky Point,3377,2
Rokeby,3821,41
Rokewood,3330,131
Rokewood Junction,3351,26
Romsey,3434,1407
Rosanna,3084,2659
Rose River,3678,21
Rosebery,3395,3
Rosebrook,3285,22
Rosebud,3939,11278
Rosedale,3847,1419
Roses Gap,3385,3
Rosewhite,3737,13
Roslynmead,3564,13
Ross Creek,3351,174
Rossbridge,3377,8
Rowsley,3340,90
Rowville,3178,12369
Roxburgh Park,3064,9658
Rubicon,3712,46
Ruby,3953,40
Ruffy,3666,13
Running Creek,3691,5
Runnymede,3558,27
Rupanyup,3388,217
Rushworth,3612,788
Russells Bridge,3331,11
Rutherglen,3685,823
Ryanston,3992,34
Rye,3941,5006
Rythdale,3810,13
Safety Beach,3936,1659
Sailors Falls,3461,20
Sailors Gully,3556,216
Sailors Hill,3461,20
Sale,3850,15743
Salisbury West,3517,23
Samaria,3673,21
San Remo,3925,657
Sandford,3312,50
Sandhill Lake,3579,4
Sandhurst,3977,788
Sandon,3462,15
Sandringham,3191,4790
Sandy Creek,3695,44
Sandy Point,3959,89
Sarsfield,3875,122
Sassafras,3154,4
Sassafras,3787,227
Sawmill Settlement,3723,26
Scarsdale,3351,213
Scoresby,3179,3415
Scotchmans Lead,3352,6
Scotsburn,3352,68
Scotts Creek,3267,58
Sea Lake,3533,207
Seabrook,3028,1488
Seacombe,3851,17
Seaford,3198,15107
Seaholme,3018,755
Seaspray,3851,252
Seaton,3858,47
Seaview,3821,18
Sebastian,3556,93
Sebastopol,3356,8604
Seddon,3011,2142
Sedgwick,3551,65
Selby,3159,268
Selwyn,3737,7
Separation Creek,3234,11
Serpentine,3517,162
Serviceton,3420,58
Seville,3139,784
Seville East,3139,176
Seymour,3660,8905
Shady Creek,3821,79
She Oaks,3331,28
Sheans Creek,3666,3
Sheep Hills,3392,13
Shelbourne,3515,80
Shelford,3329,65
Shelley,3701,8
Shepherds Flat,3461,53
Shepparton,3630,41216
Shepparton East,3631,480
Shepparton North,3631,472
Sherbrooke,3789,91
Shoreham,3916,131
Silvan,3795,411
Silverleaves,3922,69
Simpson,3266,112
Simpsons Creek,3888,8
Simson,3465,23
Skenes Creek,3233,66
Skenes Creek North,3233,11
Skibo,3260,6
Skinners Flat,3518,15
Skipton,3361,181
Skye,3977,2924
Slaty Creek,3477,17
Smeaton,3364,69
Smiths Beach,3922,146
Smiths Gully,3760,32
Smokeytown,3364,6
Smoko,3741,8
Smythes Creek,3351,505
Smythesdale,3351,420
Snake Valley,3351,224
Soldiers Hill,3350,2277
Somers,3927,456
Somerton,3062,1880
Somerville,3912,4347
Sorrento,3943,1329
South Dudley,3995,354
South Geelong,3220,2464
South Kingsville,3015,604
South Melbourne,3205,17777
South Morang,3752,8481
South Purrumbete,3260,25
South Wharf,3006,1888
South Yarra,3141,21196
Southbank,3006,25729
Southern Cross,3283,8
Spargo Creek,3461,25
Speed,3488,29
Spotswood,3015,2121
Spring Gully,3550,875
Spring Hill,3444,34
Springbank,3352,44
Springdallah,3351,8
Springfield,3434,59
Springhurst,3682,211
Springmount,3364,24
Springvale,3171,18272
Springvale South,3172,4924
St Albans,3020,2
St Albans,3021,29485
St Albans Park,3219,1547
St Andrews,3761,215
St Andrews Beach,3941,246
St Arnaud,3478,1466
St Arnaud East,3477,37
St Arnaud North,3477,13
St Clair,3995,15
St Germains,3620,37
St Helena,3088,604
St Helens,3285,2
St Helens Plains,3401,33
St James,3727,50
St Kilda,3182,33418
St Kilda East,3183,5404
St Kilda West,3182,2299
St Leonards,3223,1345
Staceys Bridge,3971,19
Staffordshire Reef,3351,29
Staghorn Flat,3691,29
Stanhope,3623,412
Stanley,3747,47
Staughton Vale,3340,26
Stavely,3379,2
Stawell,3380,4855
Steels Creek,3775,31
Steiglitz,3331,32
Stewarton,3725,36
Stockdale,3862,28
Stockyard Hill,3373,24
Stonehaven,3218,33
Stoneleigh,3373,10
Stony Creek,3371,10
Stony Creek,3957,84
Stonyford,3260,29
Stradbroke,3851,75
Strangways,3461,12
Stratford,3862,891
Strath Creek,3658,98
Strathallan,3622,73
Strathbogie,3666,57
Strathdale,3550,2231
Strathdownie,3312,50
Strathewen,3099,39
Strathfieldsaye,3551,1095
Strathkellar,3301,10
Strathlea,3364,7
Strathmerton,3641,467
Strathmore,3041,3075
Strathmore Heights,3041,344
Strathtulloh,3338,1079
Streatham,3351,25
Strzelecki,3950,22
Stuart Mill,3477,33
Sugarloaf,3234,5
Sugarloaf Creek,3658,49
Suggan Buggan,3885,47
Sulky,3352,53
Summerlands,3922,32
Sunbury,3429,19719
Sunday Creek,3658,106
Sunderland Bay,3922,87
Sunset Strip,3922,149
Sunshine,3020,23652
Sunshine North,3020,9417
Sunshine West,3020,9901
Surf Beach,3922,191
Surrey Hills,3127,3234
Sutherland,3477,5
Sutherlands Creek,3331,57
Sutton,3530,1
Sutton Grange,3448,33
Swan Bay,3225,24
Swan Hill,3585,11711
Swan Hill West,3585,3
Swan Island,3225,2
Swan Marsh,3249,44
Swan Reach,3903,232
Swanpool,3673,40
Swanwater,3477,1
Swifts Creek,3896,85
Sydenham,3037,4123
Sylvaterre,3575,4
Tabilk,3607,75
Tabor,3289,7
Taggerty,3714,121
Tahara,3301,8
Tahara Bridge,3315,3
Tahara West,3310,2
Talbot,3371,203
Talgarno,3691,32
Tallandoon,3701,18
Tallangatta,3700,419
Tallangatta East,3700,4
Tallangatta South,3701,14
Tallangatta Valley,3701,20
Tallarook,3659,671
Tallygaroopna,3634,191
Tambo Crossing,3893,2
Tambo Upper,3885,40
Tamboon,3890,14
Tamboritha,3858,1
Taminick,3675,28
Tamleugh,3669,15
Tamleugh North,3669,6
Tandarook,3260,4
Tandarra,3571,9
Tangambalanga,3691,125
Tanjil,3825,8
Tanjil Bren,3833,7
Tanjil South,3825,149
Tanwood,3478,5
Tanybryn,3249,9
Taradale,3447,133
Tarcombe,3666,7
Tarilta,3451,9
Tarnagulla,3551,65
Tarneit,3029,16069
Tarnook,3670,11
Taroon,3265,5
Tarra Valley,3971,29
Tarranyurk,3414,13
Tarraville,3971,56
Tarrawarra,3775,13
Tarrawingee,3678,55
Tarrayoukyan,3315,1
Tarrengower,3463,6
Tarrenlea,3315,1
Tarrington,3301,32
Tarrone,3283,11
Tarwin,3956,13
Tarwin Lower,3956,169
Tatong,3673,46
Tatura,3616,1815
Tatura East,3616,57
Tatyoon,3378,27
Tawonga,3697,50
Tawonga South,3698,58
Taylor Bay,3713,26
Taylors Hill,3037,3226
Taylors Lakes,3038,10632
Teal Point,3579,16
Tecoma,3160,792
Teddywaddy,3527,5
Teddywaddy West,3527,2
Teesdale,3328,175
Telangatuk East,3401,7
Telford,3730,10
Telopea Downs,3420,15
Templestowe,3106,3601
Templestowe Lower,3107,3441
Tempy,3489,25
Tenby Point,3984,60
Tennyson,3572,15
Terang,3264,1143
Terip Terip,3719,9
Terrappee,3525,2
Terrick Terrick,3575,4
Terrick Terrick East,3573,8
Tesbury,3260,14
Tetoora Road,3821,10
Thalia,3527,2
The Basin,3154,1708
The Cove,3268,2
The Gurdies,3984,78
The Heart,3851,15
The Honeysuckles,3851,58
The Patch,3792,139
The Sisters,3265,31
Thologolong,3691,9
Thomastown,3074,17018
Thomson,3219,2058
Thomson,3825,9
Thoona,3726,25
Thornbury,3071,11316
Thornhill Park,3335,1129
Thornton,3712,198
Thorpdale,3835,146
Thorpdale South,3824,24
Thowgla Valley,3707,10
Three Bridges,3797,53
Timbarra,3893,2
Timboon,3268,373
Timboon West,3268,2
Timmering,3561,56
Timor,3465,52
Timor West,3465,3
Tinamba,3859,116
Tinamba West,3859,25
Tintaldra,3708,22
Tittybong,3542,1
Tol Tol,3549,30
Tolmie,3723,79
Tom Groggin,3707,1
Tongala,3621,874
Tonghi Creek,3890,2
Tongio,3896,19
Tonimbuk,3815,79
Tooan,3409,9
Tooborac,3522,153
Toolamba,3614,176
Toolamba West,3614,32
Toolangi,3777,117
Toolern Vale,3337,555
Toolleen,3551,88
Toolondo,3401,37
Toolong,3285,15
Toombon,3825,6
Toongabbie,3856,284
Toora,3962,327
Toora North,3962,31
Tooradin,3980,902
Toorak,3142,6590
Toorloo Arm,3909,204
Toorongo,3833,2
Tootgarook,3941,2197
Torquay,3228,4438
Torrita,3490,10
Torrumbarry,3562,144
Torwood,3821,14
Tostaree,3888,14
Tottenham,3012,1021
Tourello,3363,19
Towan,3596,10
Towaninny South,3527,1
Tower Hill,3283,69
Towong,3707,20
Towong Upper,3707,3
Trafalgar,3824,2193
Trafalgar East,3824,202
Trafalgar South,3824,58
Tragowel,3579,45
Traralgon,3844,27898
Traralgon East,3844,1009
Traralgon South,3844,111
Travancore,3032,1179
Trawalla,3373,94
Trawool,3660,69
Traynors Lagoon,3477,16
Tremont,3785,103
Trentham,3458,336
Trentham East,3458,44
Tresco,3583,95
Tresco West,3584,44
Trida,3953,20
Truganina,3029,11296
Tubbut,3888,20
Tuerong,3915,233
Tulkara,3384,2
Tullamarine,3043,8328
Tungamah,3728,162
Turoar,3546,2
Turriff,3488,4
Turtons Creek,3960,37
Tutye,3490,3
Tyaak,3658,16
Tyabb,3913,1236
Tyers,3844,328
Tylden,3444,141
Tynong,3813,233
Tynong North,3813,199
Tyntynder,3586,65
Tyntynder South,3586,41
Tyrendarra,3285,53
Tyrendarra East,3285,5
Tyrrell Downs,3533,3
Ullina,3370,11
Ullswater,3318,14
Ultima,3544,104
Ulupna,3641,16
Undera,3629,177
Underbool,3509,55
Upotipotpon,3669,20
Upper Ferntree Gully,3156,1855
Upper Gundowring,3691,7
Upper Lurg,3673,25
Upper Plenty,3756,149
Upper Ryans Creek,3673,12
Upton Hill,3664,2
Upwey,3158,1957
Valencia Creek,3860,36
Vasey,3407,7
Vaughan,3451,10
Vectis,3401,54
Ventnor,3922,371
Venus Bay,3956,424
Vermont,3133,2462
Vermont South,3133,3618
Vervale,3814,19
Vesper,3833,30
Victoria Point,3294,1
Victoria Valley,3294,25
Viewbank,3084,1370
Vinifera,3591,37
Violet Town,3669,295
Vite Vite,3325,9
Vite Vite North,3325,1
W Tree,3885,9
Waaia,3637,91
Waanyarra,3551,10
Waarre,3269,5
Wabonga,3678,5
Waggarandall,3646,4
Wahgunyah,3687,284
Wahring,3608,74
Wail,3401,33
Wairewa,3887,27
Waitchie,3544,7
Wal Wal,3385,17
Waldara,3678,42
Walhalla,3825,59
Walkerville,3956,69
Walkerville North,3956,6
Walkerville South,3956,7
Wallace,3352,90
Wallacedale,3303,31
Wallagaraugh,3891,3
Wallaloo,3387,2
Wallaloo East,3387,9
Wallan,3756,7328
Wallinduc,3351,26
Wallington,3222,299
Wallup,3401,11
Walmer,3463,56
Walpa,3875,38
Walpeup,3507,28
Walwa,3709,63
Wandana Heights,3216,499
Wandella,3579,16
Wandiligong,3744,78
Wandin East,3139,80
Wandin North,3139,718
Wando Bridge,3312,1
Wando Vale,3312,24
Wandong,3758,886
Wangandary,3678,38
Wangarabell,3891,5
Wangaratta,3677,14780
Wangaratta South,3678,224
Wangoom,3279,52
Wannon,3301,30
Wantirna,3152,5040
Wantirna South,3152,12113
Wantirna South,3155,99
Waranga Shores,3612,117
Waratah Bay,3959,14
Warburton,3799,932
Wareek,3465,19
Wargan,3505,50
Warncoort,3243,41
Warneet,3980,141
Warrabkook,3286,4
Warracknabeal,3393,1435
Warragul,3820,12257
Warragul South,3821,31
Warragul West,3821,14
Warrak,3377,46
Warrandyte,3113,1218
Warrandyte South,3134,103
Warranwood,3134,509
Warrayure,3301,8
Warrenbayne,3670,27
Warrenheip,3352,910
Warrenmang,3478,7
Warrion,3249,30
Warrnambool,3280,22870
Warrock,3312,2
Warrong,3283,10
Wartook,3401,26
Watchem,3482,81
Watchem West,3393,3
Watchem West,3482,1
Watchupga,3485,8
Waterford Park,3658,95
Waterholes,3875,6
Waterloo,3373,73
Waterways,3195,498
Watsonia,3087,3521
Watsonia North,3087,851
Watsons Creek,3097,10
Wattle Bank,3995,38
Wattle Creek,3384,1
Wattle Flat,3352,18
Wattle Glen,3096,351
Wattle Hill,3237,5
Waubra,3352,111
Waurn Ponds,3216,1950
Waygara,3888,10
Weatherboard,3352,10
Wedderburn,3518,690
Wedderburn Junction,3518,10
Wee Wee Rup,3568,9
Weeaproinah,3237,1
Weering,3251,16
Weerite,3260,24
Wehla,3518,15
Weir Views,3338,1565
Wellsford,3551,82
Welshmans Reef,3462,24
Welshpool,3966,120
Wemen,3549,35
Wendouree,3355,12036
Wensleydale,3241,24
Werneth,3352,44
Werona,3364,5
Werribee,3030,33726
Werribee South,3030,1603
Werrimull,3496,43
Wesburn,3799,330
West Bendigo,3550,360
West Creek,3992,16
West Footscray,3012,5874
West Melbourne,3003,8329
West Wodonga,3690,7063
Westbury,3825,27
Westby,3579,3
Westmeadows,3049,3484
Westmere,3351,22
Whanregarwen,3714,14
Wharparilla,3564,84
Wheatsheaf,3461,53
Wheelers Hill,3150,5137
Whipstick,3556,32
Whirily,3483,3
White Hills,3550,1797
Whiteheads Creek,3660,118
Whitelaw,3950,9
Whitfield,3733,66
Whitlands,3678,13
Whittington,3219,3893
Whittlesea,3757,2787
Whoorel,3243,5
Whorouly,3735,71
Whorouly East,3735,14
Whorouly South,3735,4
Whroo,3612,64
Wickliffe,3379,35
Wilby,3728,65
Wild Dog Valley,3953,32
Wildwood,3429,143
Willangie,3485,3
Willatook,3283,3
Willaura,3379,188
Willaura North,3379,8
Willenabrina,3393,2
Williams Landing,3027,3436
Williamstown,3016,8485
Williamstown North,3016,1169
Willow Grove,3825,174
Willowmavin,3764,40
Willowvale,3360,3
Willung,3847,28
Willung South,3847,34
Wilsons Hill,3515,9
Wilsons Promontory,3960,106
Wimbledon Heights,3922,127
Winchelsea,3241,1013
Winchelsea South,3241,23
Windermere,3352,79
Windsor,3004,16
Windsor,3181,7830
Wingan River,3891,14
Wingeel,3321,9
Winlaton,3585,4
Winnap,3304,7
Winnindoo,3858,40
Winslow,3281,46
Winter Valley,3358,944
Winton,3673,123
Winton North,3673,15
Wirrate,3608,3
Wiseleigh,3885,39
Wodonga,3690,17556
Wollert,3750,5472
Wombat Creek,3888,28
Wombelano,3409,3
Won Wron,3971,52
Wonga,3960,14
Wonga Park,3115,641
Wongarra,3234,10
Wongungarra,3862,2
Wonnangatta,3737,6
Wonthaggi,3995,5865
Wonwondah,3401,33
Wonyip,3962,33
Wood Wood,3596,35
Woodend,3442,1889
Woodend North,3442,66
Woodfield,3715,15
Woodford,3281,39
Woodglen,3875,12
Woodhouse,3294,5
Woodleigh,3945,42
Woods Point,3723,81
Woodside,3874,191
Woodside Beach,3874,39
Woodstock,3751,119
Woodstock On Loddon,3551,14
Woodstock West,3463,9
Woodvale,3556,245
Wool Wool,3249,5
Woolamai,3995,81
Woolenook,3860,4
Woolshed Flat,3518,2
Woolsthorpe,3276,63
Woomelang,3485,60
Wooragee,3747,39
Woorarra East,3962,26
Woorarra West,3960,8
Wooreen,3953,5
Woori Yallock,3139,860
Woorinen,3589,98
Woorinen North,3589,29
Woorinen South,3588,104
Woorndoo,3272,35
Wooroonook,3525,18
Woosang,3518,12
Wootong Vale,3315,12
Wuk Wuk,3875,30
Wulgulmerang,3885,4
Wulgulmerang East,3885,4
Wunghnu,3635,162
Wurdiboluc,3241,19
Wurruk,3850,702
Wy Yung,3875,505
Wycheproof,3527,215
Wycheproof South,3527,3
Wychitella,3525,26
Wychitella North,3525,2
Wye River,3234,66
Wyelangta,3237,6
Wyndham Vale,3024,7878
Wyuna,3620,138
Wyuna East,3620,49
Yaapeet,3424,29
Yabba North,3646,24
Yabba South,3646,3
Yackandandah,3749,212
Yalca,3637,63
Yalla-Y-Poora,3378,2
Yallambie,3085,1048
Yallourn,3825,135
Yallourn North,3825,1001
Yalmy,3885,7
Yambuk,3285,54
Yambuna,3621,52
Yan Yean,3755,177
Yanac,3418,22
Yanakie,3960,77
Yando,3537,2
Yandoit,3461,30
Yandoit Hills,3461,7
Yangery,3283,22
Yannathan,3981,72
Yapeen,3451,18
Yarck,3719,80
Yarpturk,3283,18
Yarra Glen,3775,868
Yarra Junction,3797,1048
Yarraberb,3516,7
Yarragon,3823,1176
Yarragon South,3823,33
Yarram,3971,1618
Yarrambat,3091,433
Yarraville,3013,6973
Yarrawalla,3575,26
Yarrawonga,3730,3324
Yarrawonga South,3730,2
Yarroweyah,3644,190
Yatchaw,3301,1
Yea,3717,791
Yellingbo,3139,219
Yelta,3505,136
Yendon,3352,56
Yeo,3249,34
Yeodene,3249,32
Yering,3770,90
Yeungroon East,3525,3
Yielima,3638,24
Yinnar,3869,336
Yinnar South,3869,157
Youanmite,3646,15
Youarang,3728,18
Yulecart,3301,33
Yundool,3727,7
Yuroke,3063,111
Yuulong,3237,9
Zeerust,3634,102
Zumsteins,3401,6
